/en.html,22
/en/about-girl-scouts/grade-levels.html,2
/en/about-girl-scouts/grade-levels/what-brownies-do.html,1
/en/about-girl-scouts/grade-levels/what-cadettes-do.html,1
/en/about-girl-scouts/grade-levels/what-daisies-do.html,1
/en/about-girl-scouts/grade-levels/what-juniors-do.html,1
/en/about-girl-scouts/grade-levels/what-seniors-and-ambassadors-do.html,1
/en/about-girl-scouts/join.html,4
/en/about-girl-scouts/join/local-informational-meeting.html,1
/en/about-girl-scouts/join/ways-to-participate.html,1
/en/about-girl-scouts/LLAGS.html,1
/en/about-girl-scouts/our-history.html,1
/en/about-girl-scouts/who-we-are.html,1
/en/about-girl-scouts/who-we-are/annual---financial-reports.html,1
/en/about-girl-scouts/who-we-are/badge-sash.html,2
/en/about-girl-scouts/who-we-are/meet-our-leaders.html,1
/en/about-girl-scouts/who-we-are/news.html,1
/en/about-girl-scouts/who-we-are/staff-directory.html,1
/en/about-girl-scouts/who-we-are/web-to-case.html,1
/en/about-girl-scouts/who-we-are/web-to-case/thank-you.html,1
/en/camp/our-camps.html,1
/en/camp/our-camps/camp-meriwether.html,1
/en/camp/our-camps/camp-misty-mountain.html,1
/en/camp/our-camps/camp-pine-valley.html,1
/en/camp/our-camps/camp-timber-ridge.html,2
/en/camp/ways-to-camp.html,3
/en/camp/ways-to-camp/mountain-jubilee.html,1
/en/camp/ways-to-camp/serendipity.html,1
/en/camp/ways-to-camp/sleepaway-camp.html,5
/en/camp/ways-to-camp/troop-camp-and-service-unit-day-camps.html,1
/en/camp/ways-to-camp/volunteerleddaycamp.html,1
/en/email-templates.html,1
/en/espanol/join.html,1
/en/espanol/ways-to-participate.html,1
/en/espanol/who-we-are.html,1
/en/events/event-calendar.html,1
/en/events/event-list.html,4
/en/for-volunteers/become-a-volunteer.html,1
/en/for-volunteers/forms.html,2
/en/for-volunteers/forms/adopt-a-horse-application.html,1
/en/for-volunteers/forms/adult-award-nominations.html,1
/en/for-volunteers/forms/annual-fund.html,1
/en/for-volunteers/forms/campercarepackages.html,1
/en/for-volunteers/forms/connect-as-alumnae.html,1
/en/for-volunteers/forms/FinancialAssistanceforUniforms.html,1
/en/for-volunteers/forms/honor-and-memorial.html,1
/en/for-volunteers/forms/join-the-second-century-circle.html,1
/en/for-volunteers/forms/Juliette-Adventure-Package.html,1
/en/for-volunteers/forms/man-enough-to-be-a-girl-scout.html,1
/en/for-volunteers/forms/member-transfer-form.html,1
/en/for-volunteers/forms/my-family-supports-patch-form.html,1
/en/for-volunteers/forms/noticeofintent.html,1
/en/for-volunteers/forms/purchase-a-brick.html,1
/en/for-volunteers/forms/scc-breakfast-rsvp.html,1
/en/for-volunteers/forms/sponsor-a-uniform.html,1
/en/for-volunteers/forms/Starter-Kit-Pre-Order-Form.html,1
/en/for-volunteers/forms/travel-approval-request-form.html,1
/en/for-volunteers/forms/troop-change-form.html,1
/en/for-volunteers/forms/volunteer-of-the-month-submission.html,1
/en/for-volunteers/online-support-for-volunteer.html,1
/en/for-volunteers/online-support-for-volunteers/safety-activity-checkpoints.html,1
/en/for-volunteers/online-support-for-volunteers/volunteer-essentials1.html,1
/en/for-volunteers/recognitions.html,1
/en/for-volunteers/recognitions/leader-appreciation.html,1
/en/for-volunteers/ways-to-volunteer.html,1
/en/mygs-sign-in.html,5
/en/our-program.html,2
/en/our-program/anytime-activities.html,1
/en/our-program/financial-literacy.html,1
/en/our-program/highest-awards.html,1
/en/our-program/highest-awards/bronze-award.html,1
/en/our-program/highest-awards/gold-award.html,1
/en/our-program/highest-awards/silver-award.html,1
/en/our-program/miss-media.html,1
/en/our-program/stem.html,1
/en/our-program/travel.html,1
/en/productprogram/about-treats-and-keeps.html,1
/en/productprogram/find-cookies.html,1
/en/productprogram/for-cookie-sellers.html,1
/en/productprogram/for-cookie-sellers/events-contests.html,1
/en/productprogram/for-cookie-sellers/girl-rewards.html,1
/en/productprogram/for-volunteers.html,1
/en/productprogram/girl-scout-cookie-program.html,1
/en/productprogram/girl-scout-cookie-program/smiles4military.html,1
/en/productprogram/girl-scout-cookie-program/where-the-money-goes.html,1
/en/site-search.html,1
/en/support-us/adoptahorse.html,1
/en/support-us/dalton-ToGetHerThere-luncheon.html,1
/en/support-us/Gwinnett-ToGetHerThere-Luncheon.html,1
/en/support-us/invest-in-girls--change-the-world.html,1
/en/support-us/invest-in-girls--change-the-world/job-opportunities.html,1
/en/support-us/invest-in-girls--change-the-world/notice-of-exemption.html,1
/en/support-us/invest-in-girls--change-the-world/privacy-policy.html,1
/en/support-us/invest-in-girls--change-the-world/terms-and-conditions.html,1
/en/support-us/planned-giving.html,1
/en/support-us/second-century-circle.html,1
/en/support-us/second-century-circle/our-donors.html,1
/en/support-us/second-century-circle/second-century-breakfast.html,1
/en/support-us/second-century-circle/second-century-breakfast/scc-breakfast-speakers.html,1
/en/support-us/second-century-circle/second-century-luncheon.html,1